insert into stores values (1,'ул. Пушкина д. 1');
insert into stores values  (2,'ул. Пушкина д. 30');
insert into stores values  (3,'ул. Колотушкина д. 130');
insert into stores values  (4,'ул. Колотушкина д. 55б');
insert into stores values  (5,'ул. Клары Цеткин д. 32');
insert into stores values  (6,'ул. 1-я Строителей д. 12');
insert into stores values  (7,'ул. 1-я Строителей д. 13');
insert into stores values  (8,'ул. 1-я Строителей д. 15');
insert into stores values  (9,'ул. 1-я Строителей д. 16');
insert into stores values  (10,'ул. 1-я Строителей д. 22');
insert into stores values  (11,'ул. 1-я Строителей д. 45');
insert into stores values  (12,'ул. 1-я Строителей д. 17');


insert into items (id,name,price) values (1,'TECNO Pova 4/4 Pro',40000.05);
insert into items (id,name,price) values (2,'OPPO Find X5 Pro',10000);
insert into items (id,name,price) values (3,'Infinix ZERO X PRO',20000);
insert into items (id,name,price) values (4,'Google Pixel 6а',30000);
insert into items (id,name,price) values (5,'ASUS Zenfone 9',40000);
insert into items (id,name,price) values (6,'OUKITEL WP19',30000);
insert into items (id,name,price) values (7,'OnePlus Nord 2T 5G',10000);
insert into items (id,name,price) values (8,'Xiaomi POCO F4',40000);
insert into items (id,name,price) values (9,'Vivo Y31',10000);
insert into items (id,name,price) values (10,'Samsung Galaxy A03',10000.99);
insert into items (id,name,price) values (11,'Realme 9i',10000);
insert into items (id,name,price) values (12,'Infinix Hot 11S',40000);
insert into items (id,name,price) values (13,'Xiaomi Redmi 9T NFC',30000);
insert into items (id,name,price) values (14,'Poco X3 Pro',10000);
insert into items (id,name,price) values (15,'Honor 50',10000);
insert into items (id,name,price) values (16,'OPPO Reno 6',20000.45);
insert into items (id,name,price) values (17,'Samsung Galaxy A72',20000);
insert into items (id,name,price) values (18,'Samsung Galaxy Z Flip3 5G',30000);
insert into items (id,name,price) values (19,'Xiaomi Redmi Note 10 Pro',40000);
insert into items (id,name,price) values (20,'Xiaomi Redmi 10 NFC',40000);
insert into items (id,name,price) values (21,'Samsung Galaxy Z Fold3 5G',10123.14);
insert into items (id,name,price) values (22,'Realme GT 5G',20000);
insert into items (id,name,price) values (23,'Xiaomi 11T Pro',40000);
insert into items (id,name,price) values (24,'Apple iPhone 13 mini',40000);
insert into items (id,name,price) values (25,'Xiaomi Mi 11 Ultra',30000);
insert into items (id,name,price) values (26,'OnePlus 9 Pro',10000);
insert into items (id,name,price) values (27,'Google Pixel 6 Pro',30000);
insert into items (id,name,price) values (28,'Galaxy S21 FE 5G',40000);


insert into sales (sale_time,item_id,store_id) values ('2022-12-12 19:12',24,11);
insert into sales (sale_time,item_id,store_id) values ('2022-11-17 02:24',16,4);
insert into sales (sale_time,item_id,store_id) values ('2022-11-19 12:00',20,4);
insert into sales (sale_time,item_id,store_id) values ('2022-12-10 02:24',5,3);
insert into sales (sale_time,item_id,store_id) values ('2022-11-03 16:48',24,5);
insert into sales (sale_time,item_id,store_id) values ('2022-12-06 14:24',17,3);
insert into sales (sale_time,item_id,store_id) values ('2022-12-02 21:36',5,4);
insert into sales (sale_time,item_id,store_id) values ('2022-11-02 12:00',13,11);
insert into sales (sale_time,item_id,store_id) values ('2022-12-10 02:24',8,6);
insert into sales (sale_time,item_id,store_id) values ('2022-11-25 14:24',21,4);
insert into sales (sale_time,item_id,store_id) values ('2022-12-07 16:48',12,1);
insert into sales (sale_time,item_id,store_id) values ('2022-11-07 12:00',22,2);
insert into sales (sale_time,item_id,store_id) values ('2022-11-03 02:24',19,1);
insert into sales (sale_time,item_id,store_id) values ('2022-12-14 07:12',7,10);
insert into sales (sale_time,item_id,store_id) values ('2022-11-11 00:00',2,8);
insert into sales (sale_time,item_id,store_id) values ('2022-11-11 19:12',21,5);
insert into sales (sale_time,item_id,store_id) values ('2022-12-12 14:24',7,10);
insert into sales (sale_time,item_id,store_id) values ('2022-11-12 00:00',4,7);
insert into sales (sale_time,item_id,store_id) values ('2022-11-04 19:12',12,12);
insert into sales (sale_time,item_id,store_id) values ('2022-12-08 14:24',21,10);
insert into sales (sale_time,item_id,store_id) values ('2022-11-02 14:24',1,9);
insert into sales (sale_time,item_id,store_id) values ('2022-11-30 04:48',13,6);
insert into sales (sale_time,item_id,store_id) values ('2022-11-25 19:12',27,12);
insert into sales (sale_time,item_id,store_id) values ('2022-12-05 14:24',25,6);
insert into sales (sale_time,item_id,store_id) values ('2022-12-01 04:48',17,2);
insert into sales (sale_time,item_id,store_id) values ('2022-11-30 09:36',11,10);
insert into sales (sale_time,item_id,store_id) values ('2022-11-08 16:48',11,10);
insert into sales (sale_time,item_id,store_id) values ('2022-12-06 16:48',6,2);
insert into sales (sale_time,item_id,store_id) values ('2022-12-12 16:48',17,9);

